Degree,Polynomial_Features,CV_MSE,CV_R2,Train_MSE,Train_R2
1,6,9.544138167541838,0.13069279208172302,9.415627673209887,0.14239789285193527
2,27,2.8034357152986757,0.7446551138024494,2.652760810259231,0.7583790120428001
3,83,0.9682035285069511,0.911813273101454,0.7617002542176465,0.9306221777555086
4,209,0.7542606788270482,0.9312997954091269,0.3679060021884831,0.9664900765344622
5,461,1.6611984639419202,0.8486933264023129,0.14290854536285458,0.9869834838540438
6,923,290.71456414784456,-25.479108079135397,0.020098836879521714,0.9981693408599677
7,1715,13.610330418492797,-0.23966754538220103,1.1590456238664284e-27,1.0
8,3002,7.0669248589590445,0.3563244150632189,5.243103383477192e-28,1.0
9,5004,5.732058437633352,0.4779078394957019,4.670996176217429e-28,1.0
10,8007,5.724642983910302,0.4785832600793388,4.26636406209889e-28,1.0
