x1,x2,x3,y
-1.0,-0.17073406999491425,-0.5565445601535066,-2.2648337698370273
-0.08497475199953719,0.4150321667257395,-0.20152954999893136,-0.6686883302585598
0.41644794932042517,-0.44175715811561944,0.006542362789660805,1.8760820217916312
-1.0,-0.4559844816784302,-0.30064562463226663,-1.6111827809705443
1.0,0.5383232815823249,0.3133101601560093,9.000991854766
0.3659757182752934,0.47183546235444207,0.5846187817590154,0.5926616874251958
-0.08058549101662393,1.0,0.8205824333694824,10.281026839003243
-1.0,0.45759351811173365,-0.3900493175070767,-0.4478534212633487
-1.0,1.0,0.08269864194503507,6.4810260019267565
-0.49364890653191185,-0.6396352561230201,-0.27464557256798505,1.1384498193185062
0.7291106831785454,-0.21965031650528877,-0.11630479811998229,1.8320074033214164
-0.26910889494230195,0.7305086190479049,-0.21622387523635167,-0.05155260047614174
-0.012061877305745261,-1.0,-0.07880822043341351,2.3451004304834573
-1.0,0.04992716655883567,-0.6729462178321848,0.2220419664489643
1.0,-0.0905378165060553,-1.0,7.535725080247132
0.5000145420659567,0.35277204796675665,-1.0,-2.0370791841904445
1.0,-1.0,0.052827152788109455,-8.282203721224722
0.8191707286228289,-0.5651438048616955,-0.9695522493760849,-4.131610356750802
-0.5251765126036954,1.0,0.8805340041200624,10.592963772643543
-0.6280716123032175,0.2015019833283902,1.0,2.047046473598125
0.19612132462727327,-0.9156175885446487,1.0,-4.95634222505419
1.0,0.5477304831949814,1.0,22.817516624498932
-0.1307988987692601,0.03535227323727175,1.0,0.5189107660395229
-0.540265270527553,0.1552735970428727,-0.3247106353247329,-1.680198635993952
-0.21902043621212108,1.0,0.6371898731249863,8.68155881447044
-0.34968996043354994,0.10925121504064106,0.9843506471927919,1.3768155630234304
-0.04406488924204144,-0.920749837537731,0.4444590868239766,1.5555623103738323
0.6065083799597935,0.3175351532880495,1.0,3.493848440574221
0.23235662804124368,-0.6668296884225107,0.6200791993360049,-0.1457917414878886
-0.2814277679830508,0.5875436941128047,-0.7624185403877397,-1.0217726956677213
-0.6734176784800459,1.0,-1.0,1.0198056366512624
0.23332706841017714,0.12513230449462198,0.33464032424379253,0.853228684361317
-0.47466815912966,-0.7686636873680839,-0.6988326453170735,0.25182941178315865
1.0,-0.09902381129321758,-0.5022801075367669,4.455618158563204
0.4445438660535854,-0.8145718942693407,-0.1292718692921102,1.4585092750854523
1.0,0.11739940144908001,-0.20436405027505944,4.705859334442731
-0.7311507978575356,-0.5831797554702138,1.0,4.135333790482271
0.4722540583835686,-0.6430913468616699,-1.0,-8.564132181955106
0.7511474585043256,0.22832737092465116,0.6049076558151756,3.323570882164933
-0.16070187273036796,1.0,-0.19757928764383892,8.02482871171992
-0.03393718569551418,-1.0,0.357819963574584,1.5234209743248701
1.0,-0.027615961015099888,-0.15488483501586559,4.812691426755218
0.07636485154504657,-0.5925058039497291,1.0,-2.036419247968019
0.24959906513905006,0.8351193525014291,1.0,7.702056679253971
-0.555070361716598,-0.018765122106735754,1.0,1.7955784651569304
-1.0,-0.7228307129546225,0.5431612451182652,4.8762737052631495
-0.43268243595583367,0.7865076504255186,1.0,8.736951853305703
-0.2140672837922981,0.4169639772050351,-0.14701313095276425,-0.712231647935232
-1.0,0.17664140489497315,0.9959429363600121,3.7765059062749677
0.9077208415786235,0.4793859230170927,-0.9744484918050478,6.036373985683115
-0.6037748272640058,-0.4412545706328663,1.0,1.9059716620377738
0.43107127594716643,0.707825815983129,-1.0,-2.4286719597743054
-1.0,0.17334757028802295,0.10807738618727258,-4.699402683849509
0.460707697992917,-0.560448331855584,-1.0,-6.394794813407332
-0.7408598889565279,-0.3164780279141335,-0.6712035403672707,1.7640509058245666
0.10851654097727659,0.22752482624100434,-1.0,-3.6860009083495706
0.31189676976675607,-0.24803072182071673,0.36781686891560383,1.3192367738099535
-1.0,-1.0,-0.22290247817008657,6.933781143904022
1.0,-0.8347099022548301,-1.0,-9.783099290432295
-0.6031883843885415,-0.23597060267512515,-0.6427662421352878,1.4639099001787743
-1.0,0.09049596463527454,1.0,3.8715830271241174
1.0,-1.0,-1.0,-30.252438590980514
1.0,-0.690492998922507,0.05615451816334338,2.6988134185271613
0.979939534442196,0.4458030155175454,0.82430159099328,13.39317189429181
0.14878938322475177,-0.7287049095886988,0.38057793136268914,0.9799792577844436
0.13708672602626626,-0.0946927842018872,0.9506922999565761,-0.6456796422088743
-0.8344877979223666,0.0027858304519912114,-0.08843833522287903,-2.106625515907779
-0.7409313566892703,-0.677829270779277,-0.7399943667480919,1.1725188034936147
0.18516164956917835,0.9433350191533076,-0.23980717279090746,6.508440472811934
-0.2027458010996399,0.18504416395011702,-0.8959827409935315,-1.0678519769573656
1.0,-1.0,0.3498353301045958,-7.967458336080295
-0.8448925028357914,0.7519445712418173,-0.0030106029867043027,-2.0935576053294467
-0.841596931039261,0.31488411155344376,0.006482928612175698,-3.2575916329698646
-0.5307159132818269,-0.6641200227547672,0.12451900053624598,0.9725228118653417
0.8327987668054855,0.9254948764739233,-0.1706820977583876,6.752433294386086
0.3554604622075497,0.38951669726822247,-0.009091030634211128,0.13477433167519437
-1.0,0.43677816398231006,-0.18591851743046672,-2.3209812585037795
1.0,-0.32827592083046064,-0.11627707474734494,4.548663803997994
-0.8776666416403507,0.5657859020008498,0.8919066878601964,1.3726960898508835
1.0,-0.9535037491598104,-1.0,-20.73916390471729
-0.45311024981738046,0.001895512912987396,-0.20600129075349738,0.1395076797762968
-0.9498869415679796,-0.27012644331542224,0.8494568082125851,0.942794696833306
0.1414177089004145,0.6957232315919817,1.0,5.499818388441829
0.2659221340112039,-1.0,-0.22148107916037119,1.359668399057669
1.0,0.8587415990946621,-1.0,23.08794290375579
0.8974964966723453,0.7965116112873172,0.39479430494738543,7.88610676664085
0.16163728204025452,-0.2711027488615001,0.5021749062137382,0.03377845419193215
0.4307118257258773,-1.0,-1.0,-21.182868466962812
-0.10245378531425309,-0.3100063976983005,-0.6867219916219993,0.8732675758123529
1.0,0.22278861451207388,0.039886071831332526,5.079300822305607
0.10762473607535217,-0.5790964814845649,-1.0,-6.934327043446302
0.5290303469470685,-0.6912175544372843,0.8474847902368658,-1.0719875898492088
0.21486622702767466,-0.37569882068250915,-0.3892846614929013,1.1947517199164477
-1.0,-0.5829058047771472,-0.43478021249913357,-0.30250640761547176
0.5893853787118051,0.46606710775123505,-0.8765767195155074,1.268316079018088
-1.0,-1.0,-0.8356807835111948,2.943824213816859
1.0,0.7227892153105968,-0.6546145838607231,9.061717710607093
-1.0,-0.6843582234591077,1.0,12.879143979702318
0.32430813555038207,-0.3770166574511582,0.005824659827752043,1.7343060623964082
0.9850258279401887,1.0,0.7293693176976386,15.546527165592696
-1.0,0.16054171051987476,0.014230614469694203,-4.871549195161985
-0.2545994624323391,-0.01053651433745939,-0.15805602336117985,-0.25599914215516356
0.9391437610966866,-0.34586559505515213,0.07376253025572566,2.941595444965901
-0.5809401834927492,-0.10555457605302832,0.9609588190113829,1.0863669015450532
1.0,0.27711885762110855,1.0,17.649878490846117
-1.0,-0.06536652339962212,0.11426921415847024,-3.8347768507901363
0.789002711777816,1.0,0.5694656582219118,9.093424204365657
-0.012109269198144146,-0.11198797799842675,0.7221644986999904,-0.6880362173454784
-0.49732424048665025,-0.7050243334513746,0.3958487356042304,1.0100292952366403
0.5124818619255564,0.996664849415537,-0.2522296351603779,8.691346970493292
-0.6242844726129699,0.9812527664619533,-1.0,-0.16846263309051782
0.2278789440520459,-0.7501051587730561,0.5677954888392047,0.50083585099139
0.12545770370645726,0.20860727576328952,-0.26949930877213113,0.5219176972122557
0.7847746376441225,0.9385525110903594,-0.3701852266340737,8.732955290086817
0.20469958607118954,-0.05147031986461825,0.8762809630968105,0.28282553899148677
0.10740927736591299,0.32951117796768115,-1.0,-3.477425002530861
-0.3751111810565011,-0.15466555515628988,-1.0,-3.1387790284203834
0.018903987712025838,-0.17576279327316868,-1.0,-3.9989188388170605
0.2928744353819328,-0.17361895046816622,-1.0,-4.176222924094474
-0.9343882102789594,1.0,-0.08456291544221273,6.595662417766436
1.0,-1.0,0.42449784988511174,-6.907167828556102
0.7440452786384921,-0.11066804473165859,1.0,0.7067333489504825
0.3056480580684413,0.4927381268726485,0.48137525696699646,0.9648383948114228
-0.7030407082054269,-0.05972622171005004,-0.6122301791384466,1.2030751787396046
-0.27254115513898136,0.4181640570879541,-0.3229578254319203,-0.6769242663900489
-0.9187109362769246,0.18552912186356973,0.27556150797683343,-3.22383826180434
-0.7433528717780968,0.6806282501003154,-0.6614166334362952,-1.6656738396119573
-0.2667869330874977,0.955615723654929,0.9609736268207254,11.690222136904126
-1.0,0.16321771252788797,0.019939137578385502,-3.688815444800883
0.76207377952681,0.7649770292338289,0.5402239199540739,5.22049743185199
1.0,1.0,0.472748911459153,14.034683979386068
-0.11701432212163176,0.4024799344235266,-0.2813865874919692,-0.7245478027920113
0.05763167742331743,-1.0,-0.7431341577780046,-5.270280480631393
-0.6199869598359862,0.2535013575839038,-0.8884928119680278,0.2911714121137796
0.42749884064354293,0.14598309908692797,0.07690733309048747,0.6285522991035432
0.03237893262872449,0.478628071355798,0.8123985365442927,1.1687006361918815
-0.5567444967450901,-0.06562682465971048,0.15260466984041376,-0.5874769607863595
1.0,-1.0,-0.13623023426451408,-9.400442391129666
-0.8939282118291598,0.11272043756581085,-1.0,8.330095533021783
0.5648888883416023,-1.0,0.27945676600196245,-1.1666991095088188
0.7333079224998049,-0.1116031676072089,0.07773110836433661,1.718703712655718
0.5201122760916939,0.03303721363973966,-0.31766732443716705,0.6144886230328787
-0.30006796270983216,-0.11952833022060605,-0.5903786994530464,0.1927216546727612
-0.7678734975516053,-1.0,0.8467825046348059,5.871381467721686
-0.3737663199021457,0.32077987793683205,1.0,3.2481652467486657
0.47063685704969926,1.0,0.9581929438019703,9.992010621038299
0.20210958896106002,-1.0,0.26115575715097483,1.0397349209929576
0.538985100225478,-1.0,0.0725293986826323,-0.15040400429724873
1.0,-1.0,0.7476703457471845,-6.321341309351023
-0.7233748408183509,-1.0,0.4665006075935696,5.546115638168791
0.0020955863364768845,-0.9555453854080074,0.8567229258334534,-2.7855206549234173
-0.05057114790183137,1.0,-1.0,4.264397789672943
-0.8446258847216717,0.5948078963199124,-0.11969105582776529,-3.14753838187909
-0.9056687052252597,-0.5378341737439276,-1.0,4.552489214311941
-0.1294507800338791,0.5033708179968635,-1.0,-3.6927659345258452
-0.4852591297730464,-0.6364075712736892,-0.669807367332673,0.42880234839174397
-0.51100859311374,0.026534622906152494,-0.8408857750652348,0.3242286083714677
-0.2178810617422795,0.25745272858222634,0.6938730263787927,-0.5496447288761497
0.0441309529810785,-0.27512486347052123,-0.2502967417596793,1.1301314748706621
0.7668369490692257,-1.0,0.6290376318354534,-3.0921735597292335
-0.6040408446332743,0.5246165017665354,-0.3128671694648113,-1.6359291444000397
0.1470049120511956,-0.27246759392362696,-1.0,-4.587771089952483
-1.0,1.0,-0.3601469143874205,11.497417703116172
-0.9169007245038066,-1.0,-0.7068041641116078,2.621597207607788
1.0,-1.0,-0.10778505709671049,-7.7909377788467005
1.0,0.411813957257428,-0.2492498977344091,4.3939680769874725
-0.014869528213851124,-1.0,-1.0,-16.65414050342466
1.0,0.8737688141949616,0.8382059305730625,19.276097300445453
-0.5987908881067789,-0.7752131130484772,0.9199187817722632,1.3565072683724417
0.5608012807215539,-0.5184124327339095,-0.15077106433932652,0.6718472872662311
1.0,0.12701359212851449,-0.7313438709072071,6.87331689193656
0.7522453453736715,-1.0,-0.07433161464417726,-2.04926330460875
0.07553403079450383,0.3867059239894717,0.49646996527158116,0.6314474955192639
0.32860273095005077,1.0,0.36419961289642,6.415594137512708
0.321976553194836,0.9623474587121479,0.8514593892225486,7.469323790111189
-0.5073521921611543,1.0,-0.3779680852237792,5.714509782765018
-0.07631281166204129,0.42796451608622643,1.0,2.641378903204115
-0.9128698228429599,-0.5290539524769358,-0.031136555798883858,0.2073810228081253
1.0,1.0,0.40883356513825686,13.335186312372953
1.0,0.27101195250926824,0.0789102560994639,6.173013757661721
0.5793532884734167,-0.3630322058591724,-0.0410509865963844,1.6232758787452912
-0.23204049889720246,0.6125052091403318,0.6710981907090006,0.8692147200165199
0.42718247172194057,-0.7347785937021059,-0.40074545141003526,0.3322291556548088
-0.532044904510927,0.01850234773324999,-1.0,-0.4207780226826089
1.0,1.0,-0.12823121829265816,15.084549416179724
-0.8153011702585886,0.5066509749254584,-0.23044042478842774,-3.0961360737838435
1.0,0.9530170381436835,-0.27109420747062796,12.709003499060318
-0.8770226197275879,0.16293508953878133,0.5704334213910482,-4.19725734908744
-1.0,0.3136274015221525,-1.0,15.393455348443268
0.11538740159687566,-1.0,-0.5401353023333422,-1.0733363667462494
0.19491900239329207,-1.0,-1.0,-18.789996404649997
-0.22834377337788925,-1.0,1.0,-5.161005418377657
0.6306000095117448,-1.0,0.00159178153301065,-1.5180063312639263
-0.9232586062006498,-0.10231289998571103,0.8127157516489274,-0.08281024859670749
0.779896821965234,0.545315891368195,0.5361268629782214,4.117595858924745
-0.03902373623987199,-0.7753791285320888,-1.0,-9.451678663247863
-0.20314548128384002,1.0,-0.26172593826264046,7.513008908838646
1.0,0.5202676511968731,0.21807485382285985,7.773999744706562
-0.5091361396789249,-0.22769549432528935,-0.1745590816973861,-0.44095360332310973
-0.6890613421948719,0.672916297510493,0.03646969814123513,-2.1054602209846682
0.7854332492888296,0.2774086227301604,1.0,6.373138399867658
0.5419621878457017,0.7444164664332962,0.29824011279380724,2.2906631417626087
0.09302768498252645,-0.42126027027855995,0.9498340415034996,-2.359542448402944
-0.6060379455538207,0.8599499371588772,0.6756039494350261,1.9614179011879762
-0.9352622173446599,1.0,0.11369820747520332,3.6418061960900343
-0.5293161096520045,-1.0,-1.0,-11.86807467897008
0.2759496939616404,-0.11474393825560436,-0.9380992029158823,-1.5204638707969431
0.6928259935271981,-0.474592772361321,-0.3697934857615617,1.4304478292797747
0.4602659647960965,-0.5863358160774608,-1.0,-7.51630745591591
1.0,-0.30907808877606313,0.876405055511982,7.684849405316922
1.0,-0.14088956370688144,-0.35778408447018517,5.624821172729901
-1.0,1.0,-0.4057449176187906,12.94381698139977
0.4610922900064274,1.0,0.8882673010231814,9.508442965905388
-0.9741232640212723,-0.4677915548934355,1.0,7.739676505724907
0.3480556467410032,0.4134264889701942,0.1414373462932763,0.7609934738174257
-0.4232349048017834,1.0,0.4741245046015765,7.47507338613006
0.4216104357012658,-0.4874251657818869,-0.1839671542105965,1.1650982412977624
-0.4269003361548842,-0.03587147539900282,0.47122300534031036,0.007173245555262497
-0.36031515150448135,0.542821485204569,-0.9143571871759104,-2.1645565336525667
0.7681683417657885,-0.012286029753658001,0.532539581861464,2.3062794950643184
1.0,-0.2888358980061687,0.4628325917619056,5.896660999788125
0.5318588273471285,-0.9315924024153568,0.3590623723440478,-0.6040536734479736
-1.0,1.0,-0.6775568447888636,13.228151004454617
0.7724583674874244,-1.0,0.9505261745634239,-6.279204415802805
0.7102307829421983,-0.012137774540937007,-0.46611128244737277,1.3105928984961122
-1.0,1.0,0.7493992523408515,2.294766012774946
-1.0,0.21862192499269306,-0.1344048664364934,-4.58843877681733
-0.14522942987229892,1.0,0.4621055520606545,7.77297938595994
-1.0,-0.3727414445256567,0.11840786750891841,-2.422482606814061
0.04533548688341593,0.8119082494050291,-0.2953853802941713,2.8260778550650874
0.17842806567810676,0.6758105165598012,0.8525004983449456,3.37311420719295
0.05177786949926322,-1.0,-0.05636056642505505,2.920114250962988
0.4759948244990373,-0.4242083646422288,0.09165662626200599,0.7578581599749595
-1.0,-0.31450381002622385,0.04568676882846878,-2.565377405670352
-1.0,-0.16385441365740472,0.5752640274094278,-2.5698808951596623
-1.0,-0.9672527974386345,1.0,21.02373433685848
0.33218219851844055,-0.685641743248697,-1.0,-9.20713664342984
-0.775267484981943,-1.0,-0.9759387105066637,-4.242277936064779
0.24229836638800983,-0.4872819345014143,0.6724452426638807,0.16634166326233363
-0.34358983827228284,-0.22921136826976007,0.7486230185222229,-0.13938589470542873
1.0,-1.0,-0.3047881069557494,-9.590390381818704
-1.0,0.3002117031267155,0.9182818722971018,0.18686180089661658
0.884291748042072,0.21533050077291915,-0.35120909499651387,2.8271872827863462
0.09375441067298151,0.4509802242056844,1.0,3.033065853307975
0.10898224965166947,1.0,0.7001993038112584,9.085880209583324
-0.22073943723185918,-0.28220205153931577,0.15956450020689683,0.23503132568503032
0.6213208293180281,-0.6720414837841524,-0.5136524697440805,0.4243585284280928
-0.5836913185501598,-0.7220257118525628,1.0,0.6152090548705886
0.902203005701441,0.15875719541700772,0.29525373675624045,3.798991325416543
-0.9257558335728251,-0.2969675152884399,-0.6543947478252261,0.9916846987508736
0.39568346340715244,-1.0,-0.5342682996960442,-2.7286147685674296
0.15679794089144927,-0.44830612984829354,1.0,-2.226938226822571
0.7923540521130816,-0.19603068461965445,0.0166865568495842,1.6323960559293365
1.0,-0.2722737978108112,1.0,8.373748434791976
0.12202051783372458,0.6042886966193397,0.6351337910700798,1.2786989024924198
-0.42491303814412107,0.7259598910282699,-0.9778288389188106,-3.801198487726331
0.06939067787996933,-0.74941742914939,-0.6594437041287653,0.520962242785263
-0.7865974592455034,-1.0,-0.39351119193963857,5.222079951764598
0.8320663885016968,1.0,0.013690834519624273,9.365068968298848
-1.0,-0.7301821607286085,0.7869262456312034,8.926266622055206
1.0,-1.0,0.5630300460749331,-5.704949969633055
-0.3491385053200078,-0.23217955503181265,-0.27092430864764894,0.05072748438954933
-1.0,0.37640305179233224,0.9655347051507017,1.977265618964466
-0.3460182662230238,0.452264637510692,0.10949269408241524,-0.4740845257044797
0.17675830223153755,0.7383164643773446,0.044555141819912825,1.6200742153094785
0.41182844828408705,-1.0,-0.2792446431181219,-0.12091481098788578
-1.0,1.0,0.28206574732454603,4.194054783510433
0.38346698111323385,1.0,-0.8261411063012232,10.938451372512596
-0.5245903120422559,-1.0,-0.28039994403355917,3.311852040740033
-0.46188210586001044,0.5530575561032458,0.25640855755490155,-0.8594873047687873
0.3259475370138827,0.7796736411127487,-0.11535174825520444,1.9382689059963354
-1.0,-0.6989518830553576,0.15652888523098563,1.647403621291161
-0.8278582388094857,-0.15779483360160818,-0.5864150303580318,0.3629662537016576
0.4839734069830426,-0.580820710832858,0.1354953753927568,1.166399756982245
1.0,-0.055890604722246495,1.0,11.87132558175257
-0.47925993403245326,0.2911964758803045,1.0,2.5851194415229064
0.012127598994517541,-0.7809386728334133,0.25722810671077045,1.6546876456797632
0.5498855993827063,0.09141890815745168,-1.0,-1.8056906205802883
0.02972484821196253,1.0,-0.4210832099492592,9.268528827605314
-0.14398987271509078,0.27165877830961893,0.9457561440048372,0.8219461945220616
-0.24065343848870402,-0.26475651554973845,0.35752293684044023,0.696998660340991
-0.4751162967721172,-0.22007498705500694,-0.21497201820980072,-0.15935598913681648
1.0,0.7458655639664449,-1.0,17.16411779721435
0.17357906843697113,-1.0,-0.26055625969610885,2.1621267070567733
-0.0038144238016575294,1.0,0.09489024239719468,7.577891671051012
-1.0,-0.42318067583355545,0.5690271507307461,0.09512018283283298
1.0,-0.8918023783535727,1.0,-3.8668702021760253
-0.5986452883725057,0.07890254848895006,-0.3786893819307702,-0.2463050915859371
0.041587105840208416,-0.09608478298201462,0.5263619090195479,0.4976160579002811
-1.0,-1.0,-0.8080077191453476,2.7186328543883667
-0.07696966126205851,0.22299600166346156,-0.7115393591610784,-0.04528272825123485
0.18143954741578616,-0.3432351869346686,0.25836967723332327,0.5668602686679606
-1.0,-1.0,-0.558074500961715,4.6558782893716115
-0.41907386211219766,-0.7228818827227037,0.08333774682380723,1.9914835901168142
-0.31509335292900253,0.1639709345250835,1.0,2.0927295872521032
-1.0,-0.21444542734992833,-1.0,8.580302637692943
0.23246232453321514,-0.9963616932153738,-1.0,-18.663762712903893
0.7113901402786975,-1.0,-1.0,-26.761413475645522
-0.8208620691762241,-0.36231726688438926,1.0,3.7706308224306864
0.895893782962855,1.0,-0.596796295582738,17.405943346118463
1.0,-0.39136050126625,-1.0,3.2607845990649094
0.06306949210240731,-0.15317894992646863,-0.863330985726178,0.34019396883760933
-1.0,0.725986337334108,0.25956214480713036,-3.1142250305854757
-0.17296431849588267,-1.0,0.5932711873297087,0.7379540377104815
-0.3052117242653054,-1.0,1.0,-5.301288638063332
-1.0,-1.0,-0.7368317050433455,3.121664176574074
0.9790468010702058,-0.4695504899441083,0.7035291958019403,5.140995329897088
-1.0,0.5312861367330168,0.4167450276883633,-3.9078440271794412
-0.6769445735906572,-0.9062574864145219,-0.035474117299852725,4.041080232877396
0.922423007626475,-0.8399945685498431,0.2330379393652806,-0.30604332364668074
-0.4213820828899184,0.5583717653318516,-0.2571886411491189,-1.374003045340224
-0.1686721908144031,0.9591226531292383,-1.0,-0.037492131718805055
-0.3446201286583015,-0.5689426261371073,0.5371679705097909,0.43828128490722673
-0.14988364873719284,-0.3119443303478149,-0.8731115324745735,-1.3651365653548226
0.8703492967472184,-0.4315076039170824,0.12207221339386787,2.6957217948108543
1.0,0.0904483048631175,1.0,13.758796186785121
-0.6044339950576945,0.7617926118040779,0.9640595581472138,5.885048854397477
-0.4071493411095992,1.0,0.7416600987551429,8.241972491249316
0.8989471529746209,0.29893680452502625,-1.0,5.134635311644918
-0.18217133540246477,-1.0,0.7402195046534856,-0.7231153711110077
-0.459590664602082,0.7070113908294244,0.6515896215299621,0.8781210897543374
-0.2708016173362564,-1.0,-1.0,-15.349817801599706
-0.9823423992662892,-0.2744665135664497,-0.047954553092472985,-3.2474856059258075
0.27194416284419787,1.0,0.7220086621292574,8.362702009060373
-0.852390814204782,-0.35838591516289453,0.09564032410735646,-0.10807339677889255
-1.0,-0.6893346661507094,1.0,13.766252989790875
-1.0,1.0,-0.26363831171429775,10.797324477258607
0.7436295121513792,-0.19259435041737105,-1.0,-2.4796697973843154
0.043494938743734224,0.6610160354750205,1.0,4.766551310055242
-0.2081516030774777,-1.0,0.5799136423869022,1.2623328949183217
-0.5322872360949444,0.8930064815195606,1.0,12.169411985037428
-0.5431485401056966,-0.29457939804568456,-0.08072600285994347,0.1452153269844812
0.7812487951502709,0.9571040248565816,0.7035516702166835,7.86124567898475
-0.03399318553420838,-0.2711029756319996,0.6075857397030298,0.017091249962958355
1.0,0.3413208069878122,0.5322816802000758,8.564072202600425
-1.0,0.6101889456211154,0.4207697645091275,-4.011873046362687
1.0,0.6494851778187307,0.6658695477646122,12.158357845041001
0.6209460595396468,1.0,-0.2514851902235935,9.352329626434253
-0.7588145837763887,1.0,1.0,16.018900426846393
1.0,0.23961644597414988,-1.0,10.229958503959274
-0.8578006125946189,0.22248487234828573,0.7181158891980999,-2.9462043524551635
0.6920132742674916,0.2598398459629505,-0.43472798050190153,1.394656607072586
1.0,0.6744522339084429,0.4679550398390191,10.368175146775558
-0.35866426039789423,-1.0,0.13567286310769355,3.4671724371660178
-1.0,1.0,1.0,16.639530232420295
0.9963985877058628,-0.9082983491542207,0.14342455236636487,-2.925082095588446
-0.5127752546385196,0.595365570530348,0.5851397101000768,-0.9400338052354051
-0.31302672084123695,0.5177665273783092,0.2134446792931186,-1.258241825168278
-0.7020835780508139,-0.4424828885677785,-0.657095444300329,1.7957961602378338
-0.4352244712500788,-0.2552723213503134,-0.22071921278869233,-0.1797784733537715
1.0,-0.7181598366006507,0.6394067611707495,3.765185799993234
-1.0,-0.6593768974928358,0.1980342704329232,1.452040631124962
0.6754878640003259,-0.5552670154555037,-1.0,-6.654020364540956
0.006301433638665088,-1.0,0.9682235411581417,-5.757232193153459
-0.9239832206405105,1.0,1.0,16.35849058869755
-1.0,0.008367697041141708,0.04841555456866775,-4.647282803361131
0.6961848902346928,-1.0,1.0,-6.7399517728440435
0.24872958854479843,-0.29155473389251796,0.1996813733176983,0.3993118014728302
1.0,-0.675009136928574,-0.766597896830473,3.435332163611893
-0.42833113150197866,1.0,0.14376722383954954,5.426203835153553
-1.0,-0.03151267858189932,-1.0,11.621658457349383
-0.6185570931097832,0.04271407659449955,0.08365956505188654,-1.8072091501986436
-0.0985481118090501,0.3249620519695988,-0.5041612939462299,0.7723719527401968
0.02585359030902712,0.53657764359805,0.5843175106934979,0.34793912898647933
-0.7137179452180145,-0.7258012983897479,-0.6129431256697486,1.837776420989308
0.5149826992461237,1.0,0.16312596815109015,6.412476952002087
-0.1058579907794932,0.16083077892626063,1.0,0.9722621722330184
0.9710079773319011,-0.43659512964213687,0.34250052406731935,4.398869895664131
-1.0,-1.0,-0.2799354926667308,6.135976436905852
-0.04806420741369655,0.8325619658528989,-0.1033282765082768,2.777432970139382
0.40987850722968666,0.7735854025749596,0.2760661424962789,2.258808201417809
0.12201842505641158,-0.08803669899755029,1.0,-0.5356122651049366
-0.37000813157859547,-0.42296881986547796,-1.0,-2.627692722947522
-0.9964719110001885,-0.6902322705979378,0.6632411906080515,5.8750558015802845
1.0,1.0,-0.07149638003834458,14.977095118172432
-0.04799933534593803,0.7085969945317241,-0.13018850114862213,0.27724001912618723
-0.7870014838885468,-1.0,-0.8438331918978639,-1.6235839745190337
-0.35517965519444883,0.30070790227672295,-0.3737788192754872,-1.0419523424911912
0.6630282472048932,-0.22016534422037126,-1.0,-3.751902055241128
-0.9518044978809095,-0.9349040483118018,0.4540040582324645,9.14715050099045
-0.4996119808592481,-0.4106357743673419,-0.8092655765147387,0.29378817026541304
-0.8546054291913572,0.00021565084699504133,-0.745089116101542,1.2190100701352589
-1.0,0.1322912995728316,-0.8886698499810779,6.881861707687017
0.008599288379741,-0.9413148715825395,-0.45449330958166656,1.8596839907788025
0.5710365887832525,0.4561460570041198,-0.8934466018520333,0.022295738478586655
-1.0,-0.061775299289535734,-0.695725503910833,0.5282087187979823
-0.2844030621649789,-0.7014997978517308,1.0,-1.5216077300935735
-0.38015581256819364,0.832632645435208,0.43882810653447746,2.7438380648016665
0.2052933868265483,0.27497968146629836,0.5149914477098552,0.7870222453595207
0.8271240874767714,1.0,-0.10440672021329789,10.573002121642386
-0.6084147713085464,0.3350920297788591,-0.25372640266160906,-1.5110588826627114
-0.22923561773316226,0.8122843372079884,0.31788962638361373,1.7832512949723875
1.0,0.7930585478159513,-0.29228464573666857,8.912056050625893
1.0,-1.0,-1.0,-30.452110320885275
-0.46029758517393615,-0.3772026816792491,0.5890724724576615,0.2945988663645633
0.4410998048496877,-0.2820457861458985,-0.3517202567091733,1.9594708435890897
-1.0,-0.0587630397370571,-0.9934609421763756,10.335116024254344
0.3397812293880387,-0.34697587248846506,-0.059759846981786824,1.3978411228031247
-1.0,0.9156777359637964,-0.766897948871216,11.733401074768055
-0.3611753305926586,-0.41316820854570535,0.6940560815093606,0.34337272665780094
0.8173396143420146,-0.41732487745743296,0.6968195155084851,1.3331614215031593
0.8572432943030666,-1.0,0.3077424144528582,-4.183140654659276
-0.58437600300556,0.07242062422589424,-1.0,0.8088435054025865
-0.6762091074908156,-1.0,-1.0,-8.447709803248046
-0.5652602884834279,-0.1800583786554597,1.0,1.7451627662497924
-0.14389289739016387,0.43959079180559346,-0.06858778047102132,-0.3058814437318117
0.044029083148313664,-0.5446607881829366,-0.7896435377710154,-0.5951284873211391
0.9830531831896119,0.5473276385771484,0.744426952979514,13.307924116159995
-0.2683372480320667,0.58325157667489,-1.0,-4.274958632293455
0.9889268360552219,-0.6527487537020853,1.0,1.8262066751157868
0.6871136603767372,-0.19841320211457192,0.9321970687178318,-0.48432519306837485
0.09820103895909726,-1.0,0.5630231596008677,0.3999215585105584
1.0,-0.27564223120199216,1.0,7.199572928191465
-0.28780859619866606,-1.0,1.0,-5.015364673967827
-1.0,1.0,-1.0,22.127049180789182
-0.17211889644218448,-0.4644650141361124,0.052141687608637355,0.5006395137457048
0.12257135007048703,1.0,0.11515038927319377,8.536001033434072
1.0,1.0,-1.0,39.909658522171156
-0.7545696865782576,0.6640779956802532,-0.4182652552095254,-1.4879280084002664
0.3275459614320213,-0.5124298144585935,-1.0,-6.697332449698501
0.5442292756928901,-0.5130895404229823,-0.06763004826339536,1.3415566623621373
0.36326908649387457,0.2818154444705394,0.7273504563722146,0.7685279837602889
0.6063580713190657,-0.41200789000591254,0.1811848311308073,0.9774905890741796
-0.9769050751551345,-0.5017653255722332,0.24336295989822854,-0.7018874710795698
-0.9652332843825993,0.8899275565544369,0.8005155173839853,1.6601783087286466
0.1271250610984116,-0.9757646593999973,-0.636526925953284,-2.7379360473977936
0.9874104801828243,0.8353227792844002,-0.03732008334700776,8.293977872131334
-0.40115807765909084,-0.0969448402229145,1.0,2.2014576048266528
0.24552407802305232,-1.0,-0.5469766819417972,-1.914649842583911
0.22446528167619118,0.06096726622466808,-0.43312898766242713,1.3080623683287675
-0.5215326199634995,0.5294121705755206,-0.3749384527514088,-1.1437306478137865
-0.031310560309016466,1.0,0.3322970767858462,7.523322141621457
0.6553551241635558,0.9887295349532825,-0.8383317277965441,12.427926287647336
-1.0,1.0,-0.2708874339053766,12.017142192364263
-0.5084701488584336,-0.8891618097213845,1.0,-0.41207646953232746
-1.0,0.028523532376671268,0.007481311786286637,-4.044473838240502
-0.8759537582269086,-1.0,-0.3852937096566693,5.351340547279316
-0.7395971373554853,-1.0,-1.0,-6.523787749991471
1.0,1.0,-0.8560768702807213,32.16874881718217
1.0,-0.9574952188302426,1.0,-6.926521252231471
-0.1625442288151262,-0.8096130180982626,0.4587272596643597,1.5138773819151554
0.31049594315813445,0.5561595005927205,-0.7237287809383324,0.08757795502806237
1.0,0.6261036841133809,1.0,24.57012060780512
-0.5420456578183948,-0.225892981473097,0.12330791813698583,-0.060158625869228585
-1.0,0.11017401689855344,0.4009512270343534,-3.9797582762327477
0.27707262049313575,-1.0,0.20192971945159832,0.8829439482192313
1.0,-1.0,-0.654194133116744,-13.617059055947138
-0.2190640874877201,-1.0,-1.0,-14.537895468729007
0.8208957391190199,0.30074515452398876,-0.14523893029755564,2.219147881388171
0.17394673723893295,-0.8952263742279836,0.9125574724445695,-2.7813962223809368
0.11043218780603303,0.6711751302018285,0.05212183456501296,0.8238727316081589
-1.0,1.0,-0.05626958236160795,7.820563767554513
-0.10695759449886144,0.04164809722288432,-0.9519178045121797,-1.6714653847575007
-0.9317261781617754,-0.4970864933183434,-1.0,4.908326504814136
0.8146517571784089,0.5082618136556651,-0.8704853915240554,2.98656362670419
0.4116525338983308,1.0,0.6145291059792157,7.543696714791779
-0.46453089420055305,-0.738423428722703,0.28657908989423064,1.4732592576190982
0.4217196115603785,0.13929339778499705,-0.7986998741383151,1.0278747525339031
-0.14084856424028236,-1.0,0.7371975127821211,-0.39919618226051967
0.6936539503289378,1.0,-1.0,10.906573831401525
-0.30330352803109406,0.012292743589090271,0.8078956633792957,-0.4298951272976973
-0.4365268793575081,0.3688767945967317,-0.32219342589274325,-1.0647577315821835
-1.0,-0.2666045398387915,-1.0,7.810981131065113
0.3084368782748268,-0.040850170323156965,1.0,0.21471261123628138
-0.08845093139058702,-0.797564405734992,0.4569202697015249,0.4493187083464003
-0.3879989147761931,0.6301554298587086,0.727996736605051,0.4412965158112507
-0.4561335109086331,-0.5322454830196974,-0.7213188089304492,0.15257470557609631
-1.0,0.49812580197298884,0.8206850782266071,-1.6098393862225993
0.5071349585006215,-1.0,-0.6763361526019365,-5.659465376034714
-0.34013258898277865,-0.7948709820629805,1.0,-1.238247537403312
-0.2508617961926456,-0.4754594168679378,0.14101487203218865,0.3442409287702701
-0.5661396106249046,-0.3523667279350211,-0.7322766951075328,0.9692839560737052
-1.0,-1.0,-0.6634413958070158,4.206637110788698
-0.14584531701461478,0.7525931001081587,0.9032699681681138,4.641444022283264
0.14949011723126837,-0.2568794084091406,0.8596450890122465,0.18214421537895997
-1.0,0.5482174291804123,1.0,5.531594344999149
-1.0,-1.0,1.0,21.74752296951025
0.11358555832482975,1.0,0.04147246522409631,7.718120138455282
1.0,-1.0,1.0,-8.83240049625043
-0.9985928162342845,0.8047040166023045,1.0,11.857147793658449
-0.45179028111800745,-1.0,0.06152075116627964,4.670805463072165
-0.8654038768056038,0.20999375624938144,0.6054060781835944,-2.8278432304659527
1.0,1.0,0.09503639861147128,14.024153787358436
-0.43671033670109805,0.5588415506305744,-0.28940735868291,-1.4686486360241604
-0.3668043295041208,-0.2253242311129524,1.0,0.27605365808134613
0.6436133064449234,1.0,-0.8044729373657049,12.992952871639439
-1.0,0.3513042328203597,0.26117996869978155,-4.543335740160501
-0.03802426728339836,0.07387435974180168,-0.39508981875564997,0.7958445765233809
-0.20244928147751873,0.4856492732719111,-0.6671802272413028,0.2594444777676822
0.5929174226536276,-0.36367716711431486,1.0,-3.1423281141594983
-0.7871703977492521,-0.805140353680551,1.0,6.0060942312482
-1.0,0.7112578782866912,-1.0,20.06347634069906
-0.14139704628439786,-1.0,-0.7407837716457781,-4.915080195574985
0.022953833837177084,0.6914235642609858,1.0,6.317884614064955
-1.0,-0.6365809153491326,-0.4123263789878675,0.23458209401999294
-1.0,-0.6695006963428729,0.7650269497610547,6.2550097733158925
0.15961260668367738,-0.3781163274397299,-0.13094976799081692,1.183429481820198
-0.10120117658296368,0.22369850564869598,0.6111603590163837,0.6015407335205174
0.49288109242657097,1.0,0.6501689741372385,8.096163562437148
1.0,-0.2652235363079405,-0.8795781932518361,6.819824816070209
-0.5588100409654535,1.0,0.08037733910334954,4.497066289534137
0.4707684472142448,1.0,0.6818019867382363,8.031444346487246
0.10752306518889343,1.0,0.3593181949268165,7.840654269289995
-0.6020470973844336,0.1312602474722968,-1.0,0.7055655513248043
-0.15445722980539855,0.3544484987387646,-1.0,-2.7058876968240573
-0.9857192670080119,-0.13553149961395605,0.29560479379606397,-3.191654523494009
-0.5618285768220415,0.7365243968333219,0.9728821693573362,7.524718866058297
-0.23534833223081342,-0.9454668816489835,-0.09420854153676372,3.1842641890533683
0.11413280035162243,-0.4567636302696578,0.5909383407942546,0.44606433554112174
-0.7127875248397015,-0.6943479716890897,0.45729109854809535,2.973788350402988
1.0,0.30807670906927065,-1.0,11.03623149811602
0.585002472121456,-0.373676981144591,0.21918453584257724,1.577765284469777
-1.0,-0.169978975698025,-0.6175212347948438,-1.0409518172753445
1.0,0.41187735832863215,-1.0,12.262353175385043
0.8028979323874446,0.2869506730438798,1.0,7.338082322262296
-0.7847699254524183,-1.0,-0.5580124210961206,3.965525813415897
-0.4004105250497165,-0.1385282849018754,-0.5545260609969369,0.35194669990711513
-0.3606170051181503,-0.04529536726943051,0.017354205524429567,-0.487284289770724
-1.0,0.26386680530369677,-1.0,14.400363261668417
-0.5489925452103768,-0.7422793745894023,0.6310677150128585,1.3563779932300635
0.4050692915870173,0.6937801104485233,-1.0,-3.2503251324578635
-0.22226933230085688,1.0,-0.4721246969438857,8.927070964589918
-0.38502065621334247,0.2078691202469789,-0.3275048184361873,-0.35304852426063105
0.47758744817866194,-0.8970628144217794,0.3499691513380636,1.0906842009172428
1.0,-0.7156784777121197,1.0,1.0111098463644959
0.5887492118545543,0.515333566213229,-0.4396233461373591,1.2632775448534466
-0.4786220369658776,0.9432372861837017,-1.0,-1.6866263001595982
-0.8443732328645053,0.5391388035772677,-0.38527264931972827,-2.6889412193544926
-0.12611811202246193,0.11636717592137336,1.0,1.1506107582495715
-0.5248774794345676,-1.0,-1.0,-10.775728610634541
0.2252456561515832,-0.36862117005312234,1.0,-1.4740947647036475
-0.3337749893532824,-0.002993810457139423,1.0,1.392742096812315
-0.5742789804103741,0.5536041767949422,-1.0,-1.4227369475692186
-1.0,1.0,-0.6003971140406053,12.711326366173697
-0.022763609851513378,-0.5650905880728205,1.0,-1.659356634729383
-0.857307767506341,-0.5484447757813649,0.5624765399386644,0.7987338089015388
0.6021203711077088,1.0,0.15515327514051958,6.9777201344011335
0.011269546562186816,-0.42857766827329535,-0.5867394631501321,0.6295978722922508
1.0,-0.2241099149880028,-0.2024550442055888,4.180518635651951
0.4351053185453493,0.18060704113797943,0.12168694201929187,1.7696766675731905
0.06403175815758844,0.06214774316517735,-0.36367673574865744,0.37937104325203214
1.0,-0.6377130120322545,0.9998902281265978,2.3460952627784852
-0.45646123170776987,0.16392103944403513,1.0,1.8376468162398016
-0.5387774607119433,0.6496048171203788,-0.5247033294177712,-2.816006696230893
-0.81567490066851,1.0,-0.8918858914340393,3.362329674962692
0.619237787088081,1.0,0.4951747207406989,7.141414377701607
0.13481920789789092,0.6501637183453495,-0.7217338198135006,0.7508332545325869
0.3097394658366126,-0.5199403198863257,1.0,-2.749752988010254
-0.5487915380481336,-0.7996677932808023,-0.3719961767480251,2.421965673964836
0.5288193420238889,-0.021483195602248317,1.0,-1.273277491486628
-0.21338152698232538,-0.08064966997680156,0.24303476318029915,0.9735854741445387
-0.8831772672381066,0.16169395975669332,-0.3443393793185574,-1.7953939195263422
1.0,1.0,0.8870204890910396,22.34202479771429
0.8539409300847214,-0.5170895924031071,1.0,-0.22931065571654105
-0.9390378417429504,-0.9410344651699625,0.4201961659649194,8.530075044147342
-0.2284886751221089,0.3744765621873989,-0.5556403910394556,0.15596187788265553
-1.0,-0.24388332291424586,-0.004751282109602739,-3.51667310788172
0.6279314691460411,1.0,0.037924274503407185,8.402482071112441
0.2731899090779337,-0.7087363832710811,0.04501578573653764,1.9498535328614404
-0.059752007078780034,1.0,1.0,12.721454655816308
-1.0,-0.5891177588184309,0.64633063080478,3.594247228557812
0.27890526068781063,-0.4786689976902918,-1.0,-5.614420247216043
-0.4829934754715717,1.0,0.04123245221246119,5.763433205983458
0.10546786030335986,0.4905875942832616,-0.4479946269708228,0.29414710718692005
0.1416018205035654,0.10144191641953615,-0.6927099847160731,0.17415708055964862
0.6273061646998648,-0.12231498044507516,0.5818736548180865,0.941224109130406
0.9684540485364277,0.2808779995871149,-0.7458230189474433,5.730492967844837
0.6013801908808758,0.38485479972874903,1.0,4.470243431142611
1.0,-1.0,-0.8202111710060507,-17.922059000006993
-0.18114480977633063,0.4839046344236049,0.6389041105187407,0.08029944254027416
-0.5520382667044337,-0.4782874352762321,-0.8365468380843892,-0.19065768287570117
0.16727171416910092,-1.0,-0.6135615647380961,-2.5499074011679648
0.790291339268,0.6616107912138582,0.21699767877414855,3.1860276657164146
0.6322347873253384,-0.2163940756113567,-0.10303988691554622,2.0348321213773595
0.45918632446956176,-0.8293505796011551,-1.0,-12.464169778843011
-0.27029586870388056,-0.1950511312215688,0.15388619002521753,-0.28699063689145676
-1.0,0.9617979038560485,-1.0,21.407916553798763
0.24359318776364147,0.2132612620683394,0.018418094960213516,1.2041667649915035
0.566509887014341,0.6729119819991785,-0.4245462801737516,1.5186021365694358
1.0,1.0,0.8069664863542729,19.627272882859337
-0.48193186714185554,0.16238215410306256,-0.9359002799560623,-1.323229511844839
-0.7996439646289064,-0.030372093708350034,-1.0,4.079143133131527
0.7462944200368549,0.7849588015733993,-1.0,1.5810275397547948
0.7715245664601509,0.363143800875678,-0.5375964665312238,2.145195986192952
-1.0,-0.33785968606022565,-0.8625989618161103,2.6917228343252324
-0.7554387036932178,-1.0,-0.5282658301079233,2.6787074134863404
0.33020099672817915,-0.9106679800913549,0.6803191288998729,-0.6352480357521092
0.021455984845399012,0.8029426749065152,0.5353966961729635,2.3820029005181445
0.36431382995966266,0.17276552990672123,-1.0,-2.468257927957767
-1.0,-0.4868169860846996,0.43978186475737036,0.3547430435932818
0.860599111958066,0.07395111098532281,0.6221183465278401,4.7397569946417875
-0.33731356123058576,-0.489231192825071,-0.15852923045624068,1.4292508604717638
-0.03184127175847884,1.0,0.09346369598225013,7.593368011684929
0.6606930467746623,-0.20850322604307303,0.04739812380349151,1.2858426746230687
-0.6449477713147853,-0.5748536607287476,0.5150242342180569,1.5664302028591086
1.0,0.3600153955120331,-0.7459196731344062,7.230200563607682
0.46265535191611096,-0.12283613948383532,0.554028862651355,1.5279734612713385
1.0,-0.3131647955945305,-0.5969702717969259,5.663467363322067
0.758140487191062,1.0,1.0,13.460335979917074
0.6404972417014376,-0.16507321691210186,-1.0,-3.2729201127754926
0.19376059371879872,-0.6522115564814943,1.0,-3.2912263503037757
-0.2853279416680876,0.27847820244192456,0.30703402517465705,-0.8326354730232075
0.6389993426094065,0.19837255553556576,0.11020709020882946,2.046347300779915
0.3731597478196571,0.4760808378327648,0.07993797578943118,1.5917090939300156
-0.49269434732720296,-0.4122803546297886,0.5054974093808728,0.6680452172272775
-1.0,0.21924102689236147,0.5406532071547803,-4.328064636127978
0.017157871733998853,-0.2886445187065332,0.9811110007508794,-1.3625521962157863
1.0,-0.4541222054575651,-0.11964590452667845,3.2653927636767133
1.0,0.403439257596262,-0.651801539757521,5.678178037662544
-0.10093427090709417,0.607296181508612,-0.7035538320419099,0.45402181769617656
0.9456640418796605,1.0,0.44161800916145255,10.701371284482041
-0.5314980069472446,0.19223999547567638,0.18992854089465205,-0.7876177521876466
-0.12576088209750647,-0.8036385329297622,0.7913007583833913,-0.2543573263248877
0.9566375279314532,-0.71598315503247,-0.24100711527898677,1.5130041306939788
0.38778455737247897,0.5418617195169362,0.13952554957997276,1.5236992703158538
0.11230082679346798,-0.4185320045828953,-0.35630662208875985,1.3950289635538486
1.0,-1.0,0.9921289902831403,-8.918218374307607
-0.09851598210253565,-0.7689406295134753,-0.6334309781466787,-0.02924608985784531
-0.8026406752392907,0.9906543502150096,-0.11111080428376052,3.0454468222272046
0.4882345442234124,0.2693195366747265,-0.6370987615927328,0.9306635172373436
-1.0,1.0,0.6277301061964107,1.5295903240914765
0.2759435832286916,-0.24111961912816837,-1.0,-4.228944746640028
-1.0,-0.05336246387460308,-0.715360118934907,0.9313744067955738
0.4573171014368642,-1.0,-0.6304347715755176,-5.629864463819625
-0.09431218965079968,-0.7445119593262823,0.7390805661023969,0.38297252593392617
1.0,0.6717553457746426,0.8528609317048987,18.430902139330495
-0.5352306573518812,-0.1469799185660834,0.13424919692130333,-0.5183151977426484
0.9433081989466443,-1.0,0.053536165203901476,-5.969951165378213
-0.7116489230620529,0.3137798255310982,0.4462934589126133,-1.965305078292972
1.0,0.19732251696719838,-1.0,10.549271391019944
0.5109956395342865,-0.37957869710864967,0.6419547727479316,0.5562022877684449
0.0461061397191862,-0.717056055244836,-0.4786585117144604,1.3710586125553201
-0.12342496785545931,1.0,-0.45643169337564893,8.569272049290682
-1.0,0.3052119619022351,-0.3881659354479827,-2.5536912581175244
1.0,-1.0,0.24172190018631934,-7.504398385136133
0.6478637605791031,-0.49102652754548015,-0.10296919454357734,1.5204054700803058
-1.0,0.05560456901748334,-0.39783062314026196,-2.9982551697465247
-0.30267907143616934,-1.0,-1.0,-14.508478453243926
0.7065953788351362,0.5887378428786525,0.8509597344582711,5.011149365630999
0.6579635210166441,0.11856946974385485,-0.4395075422235384,1.2758521153995415
1.0,1.0,1.0,25.816475907639234
-0.8182882186880398,1.0,-0.8535697976451055,3.6335522567469227
0.9625966857674177,-0.8093728798612503,0.8144919548584617,0.7435356953500151
0.4557269083983484,-1.0,0.9277570529100583,-5.025140435132548
-0.04945865384590431,-1.0,1.0,-7.0137681539365895
0.09053804147392364,1.0,-1.0,4.696964082261165
1.0,0.6056558898163049,1.0,23.839733963638075
-0.9199798819882894,0.03048886245497462,0.4956095700280403,-3.2174125317539586
0.2908594777538871,-0.6137799078806523,0.8317030555223981,-1.5165887948554464
-0.47796177222109093,-0.6018122828355337,0.8992635466872152,0.9207888899796118
-0.002050053486912118,1.0,0.01644202481348911,7.8325146845856715
1.0,-0.6868715811747779,0.37885105900642024,3.1496927086498556
1.0,0.42647677107852777,-0.1490221699986629,5.915548318189579
-0.2566133256757839,1.0,-1.0,2.4442862067036355
-0.012724304312941026,0.6617907456330956,-1.0,-3.7488574476166607
-0.418905413274411,0.048461685615209804,-0.5101951868830248,0.21650038817304343
-0.2266582448539074,-1.0,-0.1851698534416566,2.849885691798196
-0.28092523333086117,0.46489475864027363,0.3314022050482104,-0.25530422906936573
0.2414036505830668,-0.021874182765936112,-0.7754952428929376,0.6390242622430344
-0.25339370718870424,0.158000498673174,0.9759987825688814,1.3005459027153383
1.0,-0.12100245381751273,-0.260705851390979,4.183203266800107
-1.0,1.0,0.08639579224779936,7.095757741872472
0.3216163540384027,0.39186872692032404,0.7848700458594104,0.8422843046322219
0.9198875455296309,0.07380930252291362,0.030249125789338693,2.959273753402926
0.19078606174066315,-0.34140918091080286,0.3878924593443207,1.3641814426377494
-1.0,1.0,-0.006292081494257751,7.790572857108065
-0.8001976769111241,-0.2819638075037505,0.5511571802057,-0.6972105833387348
0.9818233749999459,1.0,-0.1753522478041114,15.490038695730433
0.9506228465918587,0.1267079672293283,-1.0,6.785940776826027
0.7376273648732801,0.5080299934547536,-0.5440928077157483,1.4043642981450875
-0.9036995568496262,0.3951644183754601,0.6091245866069428,-2.8310413339077236
-1.0,0.1212875485266669,-0.4906168853812338,-2.206333936011832
-0.5241209197259356,0.3676286573662073,1.0,2.6236255520845355
-0.9918027005691812,-0.03660488085720237,-1.0,10.647901640078066
-1.0,-0.6393229106575231,-0.6932182607390045,2.221375352501078
1.0,-0.7964365422632247,0.036865363792939476,1.2219043943401537
-1.0,0.7884645705694733,-0.4184323774139529,3.972133570331474
0.6100256496853347,-1.0,0.8014122133795989,-3.712579123577042
-0.5171663037427505,-0.8078254495096653,-0.5738868692170105,1.197006598186025
1.0,-0.6627389422765331,-0.12428297078155337,2.869775260303999
-0.5821181830789022,-0.008880768531254413,-0.6716084884003457,-0.261450472541142
1.0,-0.9677396135292682,-1.0,-24.251346084803977
-0.9464076251300679,0.37392199089304157,0.5531678603733154,-3.935244007008893
1.0,1.0,-0.2408181143109338,16.880436594760535
0.9924347572233827,-0.02281662577400123,-0.8480514500436191,7.527212549042626
0.5758696726429267,-0.3628012292767011,0.6730160273879993,0.9468727795620572
0.5143824301530724,-0.5068134294584152,-0.3406360449768524,1.505641746426885
0.1858957585469141,-0.29967895128284017,-0.7722771966372814,0.32661419833599836
-1.0,-0.2165548194983946,0.23283876217816357,-3.6220309986367494
-1.0,-0.4505933164020688,0.3509522362688613,-1.5256347188916042
0.8816315583790173,-1.0,-1.0,-27.781984321462545
0.9104336352669034,-0.10404722232071073,-0.7489522388354042,4.215865927699056
-1.0,0.23800442256243448,1.0,3.6496989673782165
1.0,-0.21044737271507685,-0.08895521364500181,4.457066048306023
0.1500813453359664,0.06154499594341711,1.0,0.5471829107742658
1.0,0.03254949675663532,0.7778694236825321,9.67693574218052
-0.8852175030133547,-0.5156145019365739,-1.0,3.9864295873805435
-0.7427262867694215,-0.18812597051502844,-1.0,3.1802088523026124
-0.00991748304078266,-0.7344721035206081,0.8096848006981838,0.09794006772716812
0.10612760962628154,-0.3302127128499861,-0.23815155385239217,1.1431900916942337
-1.0,0.5816223487089303,0.13684125214232923,-2.9499652265040766
0.9060684597288442,-1.0,-0.3451505707824849,-6.816587850806097
1.0,-1.0,0.37350298393930315,-7.675128018087983
0.2779934741966019,0.9949507280925505,-0.8334703914572985,9.960532837778699
-0.42244659865039136,-0.44758796226046926,-1.0,-3.465648248838697
-0.08015539065738952,0.825898789378763,-0.9229830930962404,-1.7394478556857544
-0.7925989212602758,-0.5826097358835982,-1.0,1.7358361931243689
0.5722870527632498,0.21322656496413805,-0.7470819962745916,0.5057408504408528
1.0,1.0,-0.8071973439632902,29.798902317822616
-0.7049787356534876,-0.47564469312330426,0.9450271702478878,1.7951181304177886
0.39197965673673174,-1.0,0.20671602523248,0.7485350433654903
0.5406547921579972,-0.8654553183318998,-0.3657023055751214,0.07605964668152876
-1.0,1.0,-0.13443150000217807,9.235586747172515
1.0,0.186210510647554,-1.0,9.783425122848735
0.010207573962508931,-0.6245736151955441,-0.23616266583081713,1.072843613936508
-0.33641113004729184,0.21161074267826785,0.9230348334872438,0.7577120741515103
0.6418581516739572,-0.8015788777602575,-0.5033062888598352,-0.3006262403109574
-0.1562302164375733,-0.11053017685937139,0.11276719015652215,0.39861340393353156
1.0,1.0,0.6543421649209646,15.099458879341954
-0.5595503582443153,-1.0,-0.6666001715504799,-1.0995675994938001
-0.7741204569364932,0.6592739797572424,1.0,6.8592784187867695
-0.024804883002835343,0.2382725150551117,1.0,1.759679773334915
-0.7427068839155346,-0.26590076603487445,-0.27667678084791647,0.4094914275822371
1.0,-1.0,0.2602205769535346,-6.938983044339023
-0.06529265175185861,1.0,-0.9719753785641272,4.1638286685446655
0.42225551384550664,0.03831809695873889,0.47096815564412986,1.6394931195255384
0.07146462955827859,0.4845980695162182,1.0,3.50400769018696
0.5518961053639309,0.47173528023012734,-0.1720863377292683,1.3132277552074003
-1.0,0.9909942068303896,0.8085228012591743,3.1807288932654205
-0.7798159151695043,1.0,-0.07236478125901114,4.660444990863802
-1.0,-0.3314468225124896,-0.9593665980981063,5.4358782602759845
-0.3937722937202375,1.0,-0.39046401082857507,6.639193810901585
-1.0,-0.7371381051290216,-0.10502617400890824,2.487853280576069
-0.5715154793758321,1.0,-0.9250792642845898,1.3883049746066463
0.8852576139164574,-0.767349753519381,-0.3970189709709835,0.8681594230584196
0.13236598889368345,-0.8394125476656842,-0.6636025613920487,-0.3276855778729719
-0.6543562002446293,0.27842161726133985,-0.25878205073985816,-1.391756286327244
0.8087317177633939,0.1206327219008061,0.6624237379109879,4.522371451107885
-0.7569561152182,0.40802072107099074,0.5592549341104203,-2.125817739286147
0.44185513286726086,-0.48596572556144624,-0.344101903751604,1.0636252427179653
-0.02886247741142034,-0.974359341607248,1.0,-5.201050344573616
1.0,1.0,-0.8828942312297896,33.26618346966576
1.0,-1.0,1.0,-9.805292506166184
0.3596148298698958,1.0,0.3257943239477814,7.677924101714535
0.05860725237289843,-1.0,-0.04473246952154475,2.369482658534235
1.0,1.0,1.0,24.974993051502217
-1.0,0.013418119532429218,-0.3000184253051206,-3.8084292193055536
1.0,0.7331484985608336,0.09521656692003844,8.656291323912926
-0.33747187848431204,-1.0,1.0,-5.036213887594741
-0.3271220659511238,-0.25256774012969174,-0.7511034281491045,0.10395854788732803
-0.09860495731664431,-0.4153861981866702,-0.12671653292925078,1.4291134611726029
0.3488392202306254,-0.9643663100711923,-1.0,-17.31089083371432
1.0,7.62883087526145e-05,-0.8942647368541448,8.298271201926116
0.18186856696035925,0.3157720939295128,0.7523008406238334,0.5184998266506716
0.0389646283982541,0.9822920465844311,1.0,11.556192229296725
0.1231708817370245,0.5260489440898519,1.0,4.134319603316316
-0.7937651662113046,-1.0,-0.2248944277316891,5.60107442174209
0.20886930012803284,-0.7304268565611647,-0.25504542727708057,2.2227998330376995
0.17695871213137826,0.42283665718072694,-0.7091235777290232,-0.2896977810560702
0.09142075417894047,-0.5991039033959071,-1.0,-7.67946657906219
0.15166514513440998,-0.10051613941405213,0.8467252384795887,-0.139235566025118
-0.12024335844232859,-0.7147261606096671,1.0,-2.0881257719405344
-1.0,0.7499577106006268,-0.7447932044296468,7.997344976803953
-0.21339978717902253,-0.04982157138205778,0.033160414501019586,-0.6632153883708938
-0.39266263766511433,-0.3563971096633567,0.2716050822186611,0.176606453708589
0.13550457326732013,-0.000764484522060016,0.4387014631169137,0.31649897221444195
0.39372031973209554,0.5543959428482197,-0.3964814318110199,1.7086270328848376
-0.17243429674909416,-0.627809069565572,-1.0,-6.352091328497004
-0.283688486863529,0.8602601553425966,0.33275328480986666,2.40773972100171
-0.1003608526390225,0.69561553973231,-0.7441764442120931,-0.24264188151411395
-0.23241876018447694,-0.2274279107336914,-0.9437898592862535,-1.368539610910965
0.4487316072865928,-0.5259628526065379,-0.3380082570267793,1.9258550355110722
0.05663335529371394,0.6191645292449812,-0.4754935446502584,0.10736301374409529
-0.46454815741770195,1.0,-1.0,1.2087661459191348
0.7609304336212397,-0.7240560050388731,1.0,-3.2236390470428105
0.11255054170013179,-0.2564602249191099,-0.010181811267218732,0.6519101094398756
-0.22029551319084972,0.6296467927895653,-0.5241947152595599,-0.2136592063631665
-0.1191990852217828,-1.0,-0.41123642462010634,1.495231430691005
0.4335094332281253,-0.962343895378452,0.28617629205882444,1.503516671410468
1.0,-1.0,0.43289709622857764,-6.49723060796992
1.0,-0.9045342691848106,-0.011904361575968192,-2.798358434289421
0.5364674233164397,0.49740150704520447,0.18100130035798068,0.5697259577739862
-0.6546103249198449,0.9940760307933594,-1.0,0.670092618299267
-0.3080978768863263,-0.32463115378925833,-0.022429281806146006,1.1314560358096095
0.7082018171897702,0.5998379653983408,-0.8685643709123556,1.610667132602091
-1.0,0.740282834181434,1.0,9.964117601642029
-0.05829307538848383,0.15785461004446555,0.2237449954160209,1.1412967616297403
0.7885711317184083,0.7492658593892858,-0.7446575389418311,3.515762256160575
0.3390632971340899,0.008707110191781275,0.33566352230520624,0.7229386014647026
-0.204358489913679,-1.0,-0.6773129848355026,-2.7912170576424806
0.5995698454823195,0.43607174414904715,-0.02353865483730111,1.118836167553233
0.7424382321352119,1.0,0.04941255838841219,8.313085937983459
0.20925241482181445,0.34393329562173447,0.2160001060425516,-0.28905418040762565
-1.0,-0.5123032690966924,-1.0,5.352547235375233
-0.8856673251211833,-1.0,-0.11164625144351414,6.997499298354356
0.8964527105472377,-0.6424984549128356,0.7855068900278808,1.1748081543742295
0.77269013273224,0.0473628153727681,-0.9216909151672481,0.8650161288522109
0.19322030496661613,-0.665532171390741,-0.8710820132614516,-2.727819850520101
0.35963025709216123,0.44562586826005157,-0.351839414528351,0.5309081502947075
-1.0,0.9027064446694137,-1.0,21.24797369262561
0.22549244800430723,0.9481892014537046,1.0,10.0353259858082
-1.0,-0.06225135742659749,-1.0,10.813466262362212
-1.0,-0.9687546185632168,-0.9450150540441553,2.641706988900841
-0.683274875907758,-0.32216447036696994,0.2777257036128029,-0.14152939979951637
0.2516908907035511,0.6453161168673391,-0.9436792049863296,-1.881049906398041
-0.27675147305640935,0.8268189123187892,-1.0,-3.8181286418835625
-0.7184797601102229,-0.46227742501229674,1.0,3.325954222946069
0.30463368677908154,-0.15889336306980928,0.24827801189290954,1.469766164024814
-0.16124770368001928,0.3950850178767533,-0.2879593369042761,0.5557108639162437
1.0,0.1692163224447496,1.0,15.52802803287042
-0.04832541401279444,1.0,-0.3563348753179505,9.137351038111916
0.25852375614945755,0.7312093455484758,-0.12352434220021435,1.6080706846399289
0.5376702945066218,-0.9461827266182607,-1.0,-17.79208197263272
-0.10518253441083347,0.1647936425529717,0.33113718060932573,-0.9991500504254015
-0.03742914765299332,0.3867680294422102,0.05780889131619937,0.5644725835685231
0.5877408054450548,-0.8209176556045943,-0.02468126218081168,1.3504307043986326
-0.6522769003947626,1.0,-1.0,0.5896310576585501
1.0,-1.0,0.4381328747933886,-6.775604970945696
-0.6886276018232875,-0.12459951648174883,-0.8044592313877215,1.012394226677057
-0.014283142679841543,-0.43987575201094686,1.0,-1.4294350854295526
1.0,-0.9834757518840673,-0.6195866289395866,-10.69178523825511
-0.7308961213330563,-0.17378577645504234,0.4985291058908212,-0.6382628581756226
0.050589523730339314,1.0,0.7655054266964347,9.103767591256558
0.4734631762063759,1.0,0.19467673468969493,6.832210206695986
-1.0,-0.46598170873799916,0.3234243333727054,-1.8223807580047913
-0.009737980022336057,-0.5179465411304798,0.6516883689734221,-0.07217896155552109
0.5851181036602813,-1.0,-0.35960631729301973,-1.9867699171062128
-0.7650233267391353,-1.0,0.28820298678159073,6.944196878521459
0.738843833599006,-0.5410423209868966,-1.0,-7.069272991785633
-1.0,0.5198383699448215,0.7716886665781684,-2.409596345854726
1.0,0.5573047362135621,-0.25877807368929506,6.107521062130155
1.0,1.0,-0.06115525344830686,15.318159263090282
0.3053266001377155,1.0,0.4797537813048778,7.2986768838687865
1.0,0.13498616334936453,-0.7351263263271031,6.814096003464057
-0.050894396025280786,-0.055453227532657356,1.0,0.2689750659665807
-0.2713327175021303,-0.4592455694656299,-1.0,-4.178001648180015
-0.16703605513920938,-0.08545195334344746,-0.05248200960125926,0.0082991080749108
0.2763710741657992,1.0,-1.0,4.4922922057402035
-1.0,-0.8510379964735286,-0.11680640517730856,4.526204808094333
1.0,1.0,-1.0,38.42089824266615
-0.49929314361632193,-0.13478569473702673,1.0,1.6842919002879464
-0.819029105935648,0.06563272867195025,0.9085644158015458,1.2376508055316349
1.0,0.5947668162725348,0.13503956141467066,8.437665615246662
-0.8185080884689571,-0.29836068621220435,-0.6912271946936555,1.9697354514378285
-0.9490719370130878,-0.21784535575878872,-0.40601768606297317,-2.0187123385481036
1.0,1.0,0.7237034045201045,16.056870942365542
1.0,0.7076540830417943,-0.476661985557826,6.532877804721938
-0.4229038070290396,0.09349602867889506,0.40924372364415507,-0.30722952062577824
-1.0,1.0,1.0,17.520115854704308
0.3200875787334423,0.005319211781033006,0.10198708173028725,1.1012078985288403
-0.3252753190151618,-1.0,-0.15192432908785092,3.194384989372848
-0.6718759874611453,0.02461525993377145,0.36652793931095995,-0.838915054579995
-0.9096935577089089,0.1013751366823894,0.4539057591369917,-2.7342236148403334
-0.1960147073577423,-0.5391082926218191,0.1637421164319135,2.1175857702811554
-0.6644779046671807,-0.1031583387286159,1.0,2.5032872848338816
0.4526352778506013,-0.8825549997174935,0.6840982345415219,-0.3615442670772675
-1.0,0.9686737721275231,0.8900055938749853,6.640523527502556
0.0926094606391652,-1.0,1.0,-8.00829325579557
-1.0,-0.2630450131169466,-0.8849710149022794,3.511032063856998
-0.13589633274452995,-1.0,-1.0,-15.64662319637632
-1.0,-1.0,-1.0,2.8226977485308202
-0.7173173874919287,-0.17517706698885727,0.24468849904332401,-0.8986784137035185
0.05462572567158608,0.6112526097563846,1.0,4.718116485786447
-0.705229503379877,0.773724716601426,0.41990625929890246,-1.6617337869173698
-0.3642483230314084,0.007483688764523322,-1.0,-1.7061210791669394
-0.9035896999876021,-0.2554308876193827,1.0,4.395922001776068
0.4941125936888102,0.46435604829414023,0.5602454244073525,0.8756932248567095
0.331780961465139,1.0,1.0,9.631098322786638
-0.5590856532699748,-0.3049812800673748,-0.2623022071154659,0.13320039259137495
-1.0,-0.9640545108960101,0.4577106527642105,10.231904776465589
0.12089172533710646,0.6627074470944772,1.0,5.411566741782155
-0.060494089378351656,0.8882344080077218,-0.6915757794877926,3.582495588156151
0.11937479533479944,-1.0,-0.5649671577785433,-1.5780291566280127
-0.8141618723139978,0.4865164262530213,-0.35619749496345654,-3.051591228372828
-1.0,-0.8396143215094762,0.0857545061053091,4.039814519148458
0.9401598621453913,0.5524147997966793,-0.5613126896462093,4.141402449908598
-0.13222519484018824,-0.6733050168275168,1.0,-1.119282016729298
-0.8766530920909319,-0.7999164161312875,-0.6202928226053135,3.362359389306367
0.4276827912157315,0.35791831568092225,-0.07725606049011002,0.5670555308188968
-0.5967925823090354,0.9648299737194705,-0.4305485922019938,3.11470772041439
0.5755657150443423,-0.425585962011487,-0.4387294484813933,1.3312412045988424
-0.42329554452106843,1.0,0.33819858104724854,6.134759943119096
-0.6333020860135057,-0.4170924202156676,0.843561230648046,1.9714192144044587
-0.5294096560030095,-0.6136693081524589,-0.21648985509303986,0.9420148797133119
-0.026418466559557485,-0.1708495042075293,1.0,-1.2306340981758366
-0.1057976773731728,-0.10982025711037302,-0.8007997595842176,-0.9137039848418673
-0.7126880259360158,-0.13099754676022446,-0.7552695242186398,1.734916692104313
0.7399797334951703,0.31979918242322425,0.6783536822697251,3.5884038070018907
0.08445593827899334,-0.6597792358179466,-0.995797926393047,-7.91949351627136
0.06482260284723806,1.0,-0.8442147288609012,9.082860593680723
-0.08322735957619454,0.6586030873765976,0.204168164765963,0.3201709684749354
-0.667261670702207,-1.0,0.5391634961444594,4.885692116861359
-0.22566521653956673,0.891849157923646,1.0,11.785580087179161
0.5342236301919101,0.2935413656286787,1.0,2.208897410216513
-0.033644116979663075,-0.05946863661707513,0.7958519852773831,-0.23342865192434398
-1.0,-1.0,-0.5956955638930257,4.467907258601789
0.7378196584970458,0.505158967683023,0.039041772618461756,3.1099450846853163
0.3584095773789746,-0.35180387693934234,0.21726936140087116,0.9211330858975311
-1.0,0.16726639471505655,-0.10902790444123922,-4.463318557046361
-0.5432165329042096,-0.6174854913099252,-1.0,-3.2026460212908283
1.0,-0.36864436648994636,0.20524393723785983,4.753738769793547
-1.0,-0.5995908495449045,1.0,10.861074539747994
-0.026248837122266444,-0.10904859134372513,-0.5861942447407398,0.4242121602392605
0.27585388130875055,0.5299999995962072,0.5834298871383863,0.866153162044933
-0.012693441351444346,-1.0,0.1859178395270169,1.9994422879085294
-1.0,0.4893497641698328,1.0,5.172966554408224
-0.7097048339776055,0.7694164335202003,0.5000084115903938,-1.7521258333721124
-0.1117156293653292,-1.0,1.0,-6.4838427919436015
-0.7181656154476048,-0.11132223826791954,0.328053831462072,-0.7602020971302154
0.10140556598225658,0.2635370341530192,0.6609436654881173,-0.2049417132540311
0.361402731487503,-0.9986828609421201,1.0,-7.897129318078722
1.0,0.5093157193104476,0.9020808734852428,18.281111578851856
1.0,0.9565536794357712,-0.883009499669523,28.204425592763478
-1.0,1.0,0.6881779538390291,0.9411133749008552
0.40083000021222825,0.663181454659052,0.47717508934592856,1.8287275773478733
0.22954863961247973,0.3317230919527472,0.17670088402227146,1.1757026710484153
0.39909834564621693,0.37546370095050885,-1.0,-3.09613027746554
-1.0,1.0,-0.26363501988566296,11.012415453441918
1.0,0.11566767763583918,0.24614065167094545,6.163874268515295
-0.25859765705099935,0.3464189798626607,-1.0,-3.1102438404097383
-0.6049113874326035,0.7646631777017432,1.0,8.90885778078307
0.3447155154470396,1.0,1.0,10.595464798658735
0.4966043550097141,-1.0,-1.0,-22.881137601194137
0.9577428504644385,0.5792594675732483,-0.2512740063227905,4.473135658397351
-0.8138811029393407,0.490220365340164,0.8156332122189163,-0.5524932138331042
-1.0,-0.007903419969481407,0.11779125445430227,-4.410642561640715
-0.18750997813951176,1.0,0.9499270326706224,12.37734583411067
-0.16620159037255133,0.8129743843379889,-0.7308120592637948,0.4666565300941518
-1.0,-0.5939219137026339,1.0,11.319335189880315
0.4262723721011856,-0.7276747592406296,-0.9361486335314615,-6.14529981348096
0.21815794691336343,1.0,-1.0,4.732534819862911
-1.0,0.7416167906738043,1.0,10.11487195994928
0.3639165867352594,0.19606151404121408,-1.0,-2.7634532753648253
0.5610414166196411,1.0,-0.6057795398815531,11.56272226332506
0.47127797213406986,-0.22387212462151296,0.7273863543367602,0.9794345437455985
-1.0,-0.9511990371051415,0.19367897067175055,7.195170952901957
1.0,-0.29969229468125125,-1.0,5.09641850478265
1.0,-0.9223890936308377,-1.0,-17.372032220404893
1.0,-0.8800562292954783,1.0,-3.367443470613706
1.0,-0.7726016621723899,1.0,-0.04034571469211144
0.2727118310277499,-0.6478611794802438,0.548631408585533,0.4875933772105296
-0.20234623764306736,-0.5723703603849732,-1.0,-5.108296178464468
0.17718977621804832,-1.0,0.6593470364929748,-0.3312783010496291
0.4969228951651561,0.39071848395837816,0.29849122834748365,1.8026703863478952
0.4020814853954362,0.9206776345069603,-0.7912822625285967,6.255608883859251
0.3266726510043314,0.0847506044011821,0.9247794207983984,-0.41969473087704945
0.7536328766836866,1.0,-0.15888095997516172,10.050365881799848
-0.5706224315779795,1.0,0.7327213210453734,7.372732682736031
0.9655238241618778,-0.028973034113324747,0.914362525482056,9.46685224100947
-0.4613250874838015,-0.521597593615629,1.0,1.39071843256706
0.4591337677587126,-0.2013443627815854,0.26346047637882997,1.1254951141139906
-0.464198441873497,-0.6086371812937512,-0.5677132852444675,0.6782687833986895
-1.0,-0.5675632163574476,-1.0,4.581781796525832
-0.029287738404741193,-1.0,0.3660948483726374,1.3652049509248145
-1.0,1.0,0.4764275834537912,1.7018270595625686
-0.2762295392180061,0.08422024369765446,-1.0,-1.8440490814556152
-0.7782799550497059,0.4818338276447445,0.8977199264163529,0.6405270134034817
-0.893145076914416,0.3027082859803307,-0.9925888114018462,7.911120596735675
0.5689106000568531,0.13652481631615276,-0.3059349209283875,0.7084587709177169
-0.2479246992749713,-0.387725073042928,0.4151452798153177,0.5258622667959209
0.6951396524506135,-0.8796088062780136,-0.6066413247076337,-1.9595984960842792
0.5180485594316391,0.45494002721384397,0.7771597032610471,1.2520794412491374
-0.5708049121666547,0.09264045134175958,-0.8884011520341664,0.23079821926161753
-0.21725861534468272,-0.6395754552417461,-0.8858355053911464,-3.2739458188078383
-1.0,0.9765750415330918,0.08981318971741725,5.857256830136942
0.2526688184539818,1.0,-0.28886984195838217,9.370183038776071
-0.8348440277150297,0.4523287300035457,-0.8804949733021064,2.639416021197474
0.2953343917857889,0.8027169509496712,0.670052884020407,3.314231780059648
0.31338973687158855,-0.18001346277913033,1.0,-1.3808149246378374
1.0,0.14912687409652703,0.1893876653901292,5.688616139847402
-0.8744378747832855,1.0,1.0,16.274473367844934
-0.09070260980900802,0.649740232273371,-1.0,-4.612604162328208
0.3849760859246336,-1.0,-0.6262639893181436,-3.45497993561656
-0.1816473413814499,-0.47615566293183864,1.0,0.5386580000702943
0.07625530245623247,0.4422967856629181,-0.31770019116671144,0.2379847602772785
-1.0,1.0,-1.0,21.62335707952492
-0.6150504810318744,-0.7717679802007751,-0.5901883853427856,0.8763215103644018
-0.23030512755442722,0.5799959320235346,0.3860758897422749,-0.8155229274500843
0.5413338919374293,0.04733925294044172,-0.9216015020792254,-0.2534088830980563
0.46062046509449783,0.40930560697024143,-0.4087439152403678,1.3953428233786602
0.01854032642281145,-1.0,0.10081126026905807,2.1863653470785245
0.3283536457924374,0.027011035991731713,0.5360234743641445,0.43352751243120463
-0.961209767845064,-1.0,-0.11074348598194672,7.062261729372031
0.5275604186106468,0.9552263421011682,-0.2767766802242082,7.429291477389154
-0.9422781130005693,0.7834643918266895,0.7348363131928548,-1.8555420855906402
0.3662741386303545,0.36414457375149145,0.09717091743303596,1.490090488408324
-1.0,1.0,0.4059530322931062,2.719363575883212
-1.0,-0.14377930577051745,-0.19377290597417995,-4.450672742493268
-0.24417458940035552,1.0,-0.44063264435882066,7.76349592558533
-1.0,1.0,0.7731405149909507,3.2914069970024467
0.10625297007642986,0.15609792630362262,-1.0,-3.534142439174105
0.42787920068499674,1.0,-1.0,6.522664961838307
-0.5372157095026202,-1.0,0.5489274349623785,3.4540192523745294
1.0,-0.17862526356682729,0.9466572619646023,8.842739738730444
0.495691127678642,-0.3112433915367454,-1.0,-4.097540326021747
0.30548985419770136,-0.8525064752920626,0.3099676511924927,1.4186869844769416
-0.23321825377257333,-0.6728192529987729,1.0,-0.8288590126652688
-0.3371492532608771,0.7990063294006822,0.052315668262006065,0.6507053839059863
0.3159814421741802,-0.5596558497548247,1.0,-2.485039985825244
-0.4550493002150582,0.2840141037018784,-0.8409812433521868,-1.891955260732301
