Model,Degree,Alpha,L1_Ratio,Polynomial_Features,CV_MSE,CV_MSE_STD,CV_R2
Ridge,12,1.0,0,454,0.25696451720301183,0.006430318201729429,0.9943189708645284
Ridge,11,1.0,0,363,0.2590908517276075,0.010335012122264986,0.9942879524205998
Ridge,13,1.0,0,559,0.26229323788611447,0.008422892525876096,0.9942094231305983
Ridge,10,1.0,0,285,0.26242027615985203,0.012025846713311217,0.9942213810034927
Ridge,10,0.1,0,285,0.2652713762152964,0.014409092598164055,0.9941647522173647
Ridge,14,1.0,0,679,0.26584882537921056,0.011841764395735027,0.9941364088205816
Ridge,9,0.1,0,219,0.273023534592301,0.021768201452041953,0.9940162372679977
Ridge,11,0.1,0,363,0.2730561073677077,0.016526742895117595,0.9940036865951111
Ridge,15,1.0,0,815,0.27453261265432605,0.015903959277381426,0.9939598345342338
Ridge,14,10.0,0,679,0.27808735431198206,0.019774156171667508,0.9938212302426306
Ridge,15,10.0,0,815,0.27942427384908264,0.020446656289727114,0.9937927379376456
Ridge,13,10.0,0,559,0.28020727312823923,0.02261464446339353,0.9937930414975844
Ridge,16,10.0,0,968,0.2804787739830584,0.021346438233914244,0.9937610707299139
Ridge,16,1.0,0,968,0.2810264761932655,0.02219177870237059,0.9938288270590802
Ridge,12,0.1,0,454,0.2811405358915198,0.01972381709211093,0.9938372346767791
Ridge,8,0.01,0,164,0.2812015046371612,0.01896148880665139,0.9938198504720924
Ridge,8,0.1,0,164,0.28336488765206214,0.022173466432096386,0.9938042457568763
Ridge,8,0.001,0,164,0.2836462062260535,0.017258371959997302,0.9937602377594079
Ridge,8,0.0001,0,164,0.28414823997990374,0.016975328475315632,0.9937486432924352
Ridge,17,10.0,0,1139,0.2842294447364866,0.021633313910070156,0.9936802564622489
Ridge,9,1.0,0,219,0.28509863195575613,0.02802690411741545,0.9937944303257705
Ridge,12,10.0,0,454,0.2851530163015312,0.021731836353413376,0.9936860459915879
Ridge,9,0.01,0,219,0.28591202140651617,0.021715782498062716,0.9937195067396705
Ridge,18,10.0,0,1329,0.28606902271653467,0.022674096884891005,0.9936345355927447
Ridge,17,1.0,0,1139,0.29114592990819166,0.027817917098361233,0.9936251620969994
Ridge,19,10.0,0,1539,0.2913165027932394,0.021835524366974727,0.9935235920137799
Ridge,10,0.01,0,285,0.2914088120745014,0.02024653221762303,0.9936145250090554
Ridge,20,10.0,0,1770,0.2941495762713432,0.022420578771568972,0.9934584610843263
Ridge,13,0.1,0,559,0.2949415192918285,0.02487503091148345,0.9935536279005553
Ridge,11,10.0,0,363,0.3009538822518691,0.03138855677420954,0.9933851330200657
Ridge,9,0.001,0,219,0.3010224549885644,0.023542739052417497,0.9933871671928106
Ridge,18,1.0,0,1329,0.30116702239889453,0.035439446744017174,0.9934215529978532
Ridge,9,0.0001,0,219,0.30561625144769766,0.025189222621592604,0.9932850032235653
Ridge,14,0.1,0,679,0.3071278352124587,0.028728867190854594,0.9932920696636426
Ridge,19,1.0,0,1539,0.3112554380491312,0.041533586477196,0.9932194626765197
Ridge,11,0.01,0,363,0.3127079434556102,0.030020024272569605,0.9931797488819585
Ridge,10,0.001,0,285,0.32011985584613367,0.02591213008309003,0.9930008542625179
Ridge,8,1.0,0,164,0.32034695616739894,0.04207586482685061,0.9930669229512162
Ridge,20,1.0,0,1770,0.32497400536260357,0.05011542253141546,0.9929405612646404
Ridge,15,0.1,0,815,0.325478540230305,0.03483503757220794,0.9929149814745883
Ridge,10,10.0,0,285,0.32578080441417934,0.03478704944782254,0.9928623210908866
Ridge,12,0.01,0,454,0.3306907987975026,0.028699079549163422,0.9927712487217606
Ridge,10,0.0001,0,285,0.3366468437104728,0.02364226114514318,0.9926372898947683
Ridge,16,0.1,0,968,0.34273389538963095,0.0404870590305971,0.9925455376693237
Ridge,13,0.01,0,559,0.36366974353077935,0.038365497652043216,0.9920804267510892
Ridge,17,0.1,0,1139,0.36494509084025273,0.046658718402892,0.9920833086216602
Ridge,7,0.001,0,119,0.36997182896211667,0.04893346481160353,0.9920042820482486
Ridge,7,0.0001,0,119,0.36997484035842754,0.04878458486747664,0.9920035528930649
Ridge,7,0.01,0,119,0.3700402778530325,0.050184115916959454,0.9920083363069276
Ridge,11,0.001,0,363,0.37244461474250085,0.04260543974250009,0.9918999191156059
Ridge,7,0.1,0,119,0.37299074270141486,0.056201146449949786,0.9919696736707344
Ridge,9,10.0,0,219,0.3869531781645906,0.05733401937206824,0.9916174459044645
Ridge,18,0.1,0,1329,0.39059719078794425,0.06271787873461318,0.9915603890682567
Ridge,14,0.01,0,679,0.3908181636431739,0.050016114530240595,0.9915059081548991
Ridge,12,0.001,0,454,0.4059463369303412,0.04230258464912103,0.991154898580185
Ridge,19,0.1,0,1539,0.4176566529792309,0.06988583860456338,0.9909918421327057
Ridge,7,1.0,0,119,0.4291771588431505,0.08289743937473582,0.9908315715638614
Ridge,15,0.01,0,815,0.4367761738862395,0.061840006877846423,0.9905393807530393
Ridge,20,0.1,0,1770,0.45458260488603275,0.10253946478955162,0.9902784931860765
Ridge,11,0.0001,0,363,0.4624936685999839,0.08985492012575653,0.9900684209532112
Ridge,13,0.001,0,559,0.4731927786192892,0.05982814413198479,0.9897391778803973
Ridge,16,0.01,0,968,0.4750674374656529,0.09904103551044051,0.9898066567412016
Ridge,8,10.0,0,164,0.478070887991609,0.08551517070153135,0.989703965920542
Ridge,19,100.0,0,1539,0.48287522907792046,0.07099403805587388,0.9892854277963409
Ridge,17,100.0,0,1139,0.4838206252506791,0.07426105160491031,0.9892459404636382
Ridge,18,100.0,0,1329,0.4852023444538882,0.06960484610731815,0.9892215706991516
Ridge,20,100.0,0,1770,0.4858529168670689,0.06938851966332976,0.989229160810086
Ridge,16,100.0,0,968,0.4897810613814923,0.07195399216712753,0.9891009904449991
Ridge,15,100.0,0,815,0.4930013189230705,0.0799715807082621,0.9890339545642078
Ridge,14,100.0,0,679,0.5084042720548881,0.07769854157464577,0.9886908766421598
Ridge,13,100.0,0,559,0.5242082345421938,0.0880232104923174,0.9883715616862073
Ridge,14,0.001,0,679,0.5425128484269999,0.0949889706354382,0.988338428241964
Ridge,17,0.01,0,1139,0.5462864813237223,0.13218092058580547,0.9883551070115498
Ridge,12,100.0,0,454,0.5650346886709979,0.09021505734249892,0.987498824267969
Ridge,18,0.01,0,1329,0.6012256400592608,0.17948249710434494,0.987329024295651
Ridge,11,100.0,0,363,0.6133772617467323,0.10514488532833748,0.9865084151870924
Ridge,12,0.0001,0,454,0.6184544246034597,0.12615898917349572,0.986788669703779
Ridge,6,0.1,0,83,0.6750166903179131,0.11352979170874991,0.9854566871734824
Ridge,6,0.01,0,83,0.6768752340148594,0.11079052449002007,0.9853969854877531
Ridge,6,0.001,0,83,0.6772159162863922,0.11053639136235947,0.9853874771475972
Ridge,6,0.0001,0,83,0.6772518550140202,0.11051124313185351,0.9853864836601589
Ridge,15,0.001,0,815,0.6840980651070958,0.170706706507079,0.9854611630991975
Ridge,7,10.0,0,119,0.695699159415941,0.13965143341767744,0.9850971133554476
Ridge,6,1.0,0,83,0.7068078505374491,0.1408009436176243,0.9848758073032353
Ridge,19,0.01,0,1539,0.7166443614201433,0.270575493681217,0.9850574055217745
Ridge,10,100.0,0,285,0.7233426951866159,0.12774062114600024,0.9841647705214065
Ridge,13,0.0001,0,559,0.7616198748604907,0.10123458395375569,0.983533370235288
Ridge,20,0.01,0,1770,0.8280533120311695,0.32294347618610625,0.9829043443621026
Ridge,9,100.0,0,219,0.8674413599053178,0.161301115468487,0.9811401125277135
Ridge,16,0.001,0,968,0.8962188146798965,0.22680195256637364,0.981041969930543
Ridge,6,10.0,0,83,1.0574701573029075,0.21842402774072336,0.9773342691442434
Ridge,8,100.0,0,164,1.1779799456238642,0.22838850309226175,0.974430816421146
Ridge,17,0.001,0,1139,1.2286574027289798,0.3783655211699058,0.974240837811594
Ridge,14,0.0001,0,679,1.271123360821415,0.4167178531050257,0.9726496772793581
Ridge,20,1000.0,0,1770,1.5043956442275874,0.21451559008837331,0.9669889691868097
Ridge,19,1000.0,0,1539,1.5082296513624969,0.23124172524070674,0.9668953893427139
Ridge,5,0.1,0,55,1.553634732825675,0.261130779511981,0.9666003318906531
Ridge,5,0.01,0,55,1.5540410174257122,0.2577156401029103,0.9665804658059564
Ridge,5,0.001,0,55,1.5541170965180768,0.25735219748363575,0.9665776143461844
Ridge,5,0.0001,0,55,1.5541250953995445,0.2573156204644617,0.9665773196913332
Ridge,5,1.0,0,55,1.566679192846983,0.2820243749190391,0.966372857110182
Ridge,18,1000.0,0,1329,1.5752496648768626,0.23057224148036534,0.9654355749558439
Ridge,17,1000.0,0,1139,1.5954897507749735,0.2541988330058446,0.9650048216682438
Ridge,7,100.0,0,119,1.6275222023038598,0.3057546718898807,0.9648021118200342
Ridge,16,1000.0,0,968,1.7011196596501723,0.2580848911773005,0.9627082233939056
Ridge,15,1000.0,0,815,1.7585303697220773,0.2900115854219865,0.961505807155049
Ridge,18,0.001,0,1329,1.8193287268166216,0.6896987592650978,0.9619977157654578
Ridge,5,10.0,0,55,1.8591765938047167,0.34053969588062966,0.9599926764253117
Ridge,14,1000.0,0,679,1.9294982491384693,0.30279630452103184,0.9577905740407932
Ridge,15,0.0001,0,815,2.0024572297006586,0.6084984574725457,0.9571451571355336
Ridge,13,1000.0,0,559,2.0658198232308944,0.34810534617237077,0.9549310255789916
Ridge,12,1000.0,0,454,2.3517761194007267,0.38039659396974224,0.9487081311866754
Ridge,19,0.001,0,1539,2.386574805743309,0.8765352263519615,0.9499603694329435
Ridge,6,100.0,0,83,2.5134842016033785,0.44295006352647487,0.9454006427797296
Ridge,11,1000.0,0,363,2.6548392901776667,0.4518944785424058,0.9422999080516007
Ridge,10,1000.0,0,285,3.150824128445792,0.5258683016965591,0.9314847914473507
Ridge,16,0.0001,0,968,3.441872188593642,1.4826187994718758,0.9279466303615045
Ridge,20,0.001,0,1770,3.707169616538981,1.7702991580920235,0.9233007650848309
Ridge,4,0.1,0,34,3.709917240709192,0.5949981480845893,0.9196410718567428
Ridge,4,0.01,0,34,3.7100602373973315,0.5955433922011182,0.9196411304909529
Ridge,4,0.001,0,34,3.71007804663806,0.5955988907451336,0.9196410621445089
Ridge,4,0.0001,0,34,3.7100798629317673,0.595604450412513,0.9196410545619182
Ridge,4,1.0,0,34,3.711741014365547,0.5904528084227466,0.919571735786714
Ridge,9,1000.0,0,219,3.8140002907040946,0.6549101787211761,0.9173089885646357
Ridge,4,10.0,0,34,3.906290248912243,0.5960615733345098,0.9151782402317357
Ridge,5,100.0,0,55,4.017913930482622,0.6712233013058644,0.9127967570207518
Ridge,8,1000.0,0,164,4.720082465043657,0.8249256028882275,0.89768439768773
Ridge,17,0.0001,0,1139,4.987266061373916,2.2065046101772556,0.895190824615295
Ridge,7,1000.0,0,119,6.191521102461293,1.0894862753601704,0.8659652557259978
Ridge,4,100.0,0,34,6.566737893086213,1.0786989039765762,0.8580517980794815
Ridge,6,1000.0,0,83,8.041333706556014,1.5500530032308584,0.826952071687808
Ridge,18,0.0001,0,1329,8.306700921554256,4.027736440629952,0.8308783030475506
Ridge,19,0.0001,0,1539,10.74605832726336,5.590818012816715,0.7780559687909017
Ridge,5,1000.0,0,55,11.251689654509445,2.044031116270752,0.7576733387069918
Ridge,3,0.0001,0,19,11.552238587391388,1.580321381749739,0.7484132250566369
Ridge,3,0.001,0,19,11.55223908886257,1.5803198361184532,0.7484132245702446
Ridge,3,0.01,0,19,11.552244235472543,1.5803044089532967,0.7484132168609869
Ridge,3,0.1,0,19,11.552308832919044,1.580153040310599,0.748412856499448
Ridge,3,1.0,0,19,11.554211460782323,1.5789182982987051,0.7483821474175981
Ridge,3,10.0,0,19,11.65746832410274,1.5861567224503952,0.7462602618918688
Ridge,3,100.0,0,19,13.359868447910932,1.9675568512602732,0.7107542873408402
Ridge,4,1000.0,0,34,15.462824099180995,3.469752240579836,0.6710727606581616
Ridge,20,0.0001,0,1770,16.573142708098153,8.354147798133882,0.6646742276546361
Ridge,3,1000.0,0,19,21.59107649787061,4.3268689083763485,0.5392716616717091
Ridge,2,1.0,0,9,22.05634938849527,4.143975116220287,0.5285618579471517
Ridge,2,0.1,0,9,22.056531115745926,4.138806863974932,0.5285379288045574
Ridge,2,0.01,0,9,22.056552944475843,4.138289510973259,0.5285354534282655
Ridge,2,0.001,0,9,22.05655516400182,4.1382377703917035,0.528535205063956
Ridge,2,0.0001,0,9,22.056555386321044,4.138232596280732,0.528535180219256
Ridge,2,10.0,0,9,22.058096937082645,4.19513352159609,0.5287207087471018
Ridge,2,100.0,0,9,22.35582863654646,4.658159240123483,0.5239571307896298
Ridge,2,1000.0,0,9,29.861764296928396,6.862546262129326,0.3671916426331447
Ridge,1,10.0,0,3,33.79981622834204,5.978868311821137,0.27638661803748377
Ridge,1,1.0,0,3,33.79990631224626,5.942227149300345,0.276217336178398
Ridge,1,0.1,0,3,33.800100212287866,5.9385216584551035,0.27619610129128824
Ridge,1,0.01,0,3,33.80012149707882,5.9381506919331315,0.27619393369357664
Ridge,1,0.001,0,3,33.800123644552514,5.9381135911028595,0.2761937164916543
Ridge,1,0.0001,0,3,33.80012385948987,5.938109880978049,0.2761936947670395
Ridge,1,100.0,0,3,33.94526120841386,6.3074570958686005,0.2746497322653143
Ridge,1,1000.0,0,3,37.87955397273149,7.785417072019131,0.19401917145072
